{
  "Disabled": false,
  "Testing": false,
  "ScheduledForDeletion": true,
  "InstalledFromUrl": "https://raw.githubusercontent.com/xivsync/repo/main/plogonmaster.json",
  "IsThirdParty": true,
  "EffectiveVersion": "0.11.22",
  "EffectiveApiLevel": 13,
  "Author": "darkarchon",
  "Name": "Mare Synchronos",
  "Punchline": "Let others see you as you see yourself.",
  "Description": "This plugin will synchronize your Penumbra mods and current Glamourer state with other paired clients automatically.",
  "Changelog": null,
  "Tags": [
    "customization"
  ],
  "CategoryTags": null,
  "IsHide": false,
  "InternalName": "MareSynchronos",
  "AssemblyVersion": "0.11.22",
  "TestingAssemblyVersion": null,
  "IsTestingExclusive": false,
  "RepoUrl": "https://github.com/xivsync/sync_client",
  "ApplicableVersion": "any",
  "MinimumDalamudVersion": null,
  "DalamudApiLevel": 13,
  "TestingDalamudApiLevel": null,
  "DownloadCount": 0,
  "LastUpdate": 0,
  "DownloadLinkInstall": "https://raw.githubusercontent.com/xivsync/repo/main/MareSynchronos/latest.zip",
  "DownloadLinkTesting": "https://raw.githubusercontent.com/xivsync/repo/main/MareSynchronos/latest.zip",
  "DownloadLinkUpdate": "https://raw.githubusercontent.com/xivsync/repo/main/MareSynchronos/latest.zip"
  "LoadRequiredState": 0,
  "LoadSync": false,
  "LoadPriority": 0,
  "CanUnloadAsync": false,
  "SupportsProfiles": true,
  "ImageUrls": null,
  "IconUrl": "https://raw.githubusercontent.com/xivsync/repo/main/MareSynchronos/images/icon.png",
  "AcceptsFeedback": true,
  "FeedbackMessage": null,
  "_Dip17Channel": null
}