{
  "Author": "Lutherian",
  "Name": "XIVSync",
  "InternalName": "XIVSync",
  "AssemblyVersion": "1.20.0.0",
  "Description": "This plugin will synchronize your Penumbra mods and current Glamourer state with other paired clients automatically.",
  "ApplicableVersion": "any",
  "RepoUrl": "https://github.com/xivsync/sync_client",
  "Tags": [
    "customization"
  ],
  "DalamudApiLevel": 13,
  "LoadRequiredState": 0,
  "LoadSync": false,
  "CanUnloadAsync": false,
  "LoadPriority": 0,
  "IconUrl": "https://raw.githubusercontent.com/xivsync/repo/main/XIVSync/images/icon.png",
  "Punchline": "Let others see you as you see yourself.",
  "AcceptsFeedback": true
}