{
  "Author": "darkarchon",
  "Name": "XIVSync",
  "InternalName": "XIVSync",
  "AssemblyVersion": "1.14.0.0",
  "Description": "This plugin will synchronize your Penumbra mods and current Glamourer state with other paired clients automatically.",
  "ApplicableVersion": "any",
  "RepoUrl": "https://github.com/MareSynchronos/client",
  "Tags": [
    "customization"
  ],
  "DalamudApiLevel": 13,
  "LoadRequiredState": 0,
  "LoadSync": false,
  "CanUnloadAsync": false,
  "LoadPriority": 0,
  "IconUrl": "https://raw.githubusercontent.com/MareSynchronos/client/main/MareSynchronos/images/logo.png",
  "Punchline": "Let others see you as you see yourself.",
  "AcceptsFeedback": true
}